{"cameraMode":{"drawMode":0,"name":"Shaded","section":"Shading Mode"},"sceneLighting":true,"audioPlay":false,"sceneViewState":{"showFog":true,"showMaterialUpdate":false,"showSkybox":true,"showFlares":true,"showImageEffects":true,"showParticleSystems":true},"in2DMode":false,"pivot":{"x":11.878080368041993,"y":-0.1953125,"z":-14.37249755859375},"rotation":{"x":0.703910768032074,"y":0.0031962301582098009,"z":-0.003167633665725589,"w":0.7102751731872559},"size":45.330692291259769,"orthographic":true}