{"cameraMode":{"drawMode":0,"name":"Shaded","section":"Shading Mode"},"sceneLighting":true,"audioPlay":false,"sceneViewState":{"showFog":true,"showMaterialUpdate":false,"showSkybox":false,"showFlares":true,"showImageEffects":true,"showParticleSystems":true},"in2DMode":false,"pivot":{"x":44.9304084777832,"y":-0.21008700132369996,"z":-43.223812103271487},"rotation":{"x":0.07282833755016327,"y":0.011967910453677178,"z":-0.0008739653276279569,"w":0.997272253036499},"size":1.7876274585723878,"orthographic":false}